제목,정보제공,날짜
삼성도 매일 줄 서서 사온다…바이든이 서명한 '웨이퍼' 뭐길래 [박신영...,한국경제,2022.05.21 14:26
"삼성 반도체 공장 둘러보던 바이든, 뜬금없이 ""투표 잊지 마라"" 왜?",매일경제,2022.05.21 09:52
"바이든, 삼성 직원에 ""땡큐""…이재용, 한미정상 이틀연속 만나 '경제외...",헤럴드경제,2022.05.21 08:51
"""TSMC 보고 있나""…바이든 앞 'GAA 3나노' 뽐낸 삼성전자 [강...",한국경제,2022.05.21 08:32
삼성전자 1분기 R&D에만 6조원 쐈다…특허획득 건수 봤더니 [비즈36...,헤럴드경제,2022.05.21 08:02
"""21세기 진정한 격전지""…외신, 삼성부터 찾은 바이든 주목(종합)",이데일리,2022.05.21 07:04
삼성전자 드디어 올랐는데…인플레 공포 이겨낼까,이데일리,2022.05.21 01:43
"바이든 두 손 모으고 '반도체' 경청…삼성 직원에 ""땡큐""",서울경제,2022.05.20 22:21
'갤럭시 버즈2 포켓몬' 삼성닷컴서 8분 만에 완판,한국경제,2022.05.20 22:08
"""또 콜라보 완판""…삼성, 버즈2 몬스터볼 8분만에 판매 종료",서울경제,2022.05.20 15:25
“8분만에 동났다고?”…삼성 ‘갤버즈2 포켓몬 에디션' 완판,이데일리,2022.05.20 14:26
삼성의 '포켓몬마케팅' 2연타…플립3 이어 버즈2도 5분새 완판,매일경제,2022.05.20 14:02
"""韓 반도체 공급망 역할 부각""…외신들, 바이든의 삼성 방문 주목",이데일리,2022.05.20 21:58
"""또 콜라보 완판""…삼성, 버즈2 몬스터볼 8분만에 판매 종료",서울경제,2022.05.20 15:25
“8분만에 동났다고?”…삼성 ‘갤버즈2 포켓몬 에디션' 완판,이데일리,2022.05.20 14:26
삼성의 '포켓몬마케팅' 2연타…플립3 이어 버즈2도 5분새 완판,매일경제,2022.05.20 14:02
"'삼성 반도체' 집중한 윤석열-바이든, ""땡큐"" 외치고 '엄지척'",한국경제,2022.05.20 21:48
'20조 투입' 삼성 美 파운드리 2공장…'기술동맹 상징',한국경제,2022.05.20 21:42
"'땡큐 삼성' 외친 바이든 ""반도체 공장, 양국 협력 증거""(종합)",이데일리,2022.05.20 21:24
"""삼성반도체도 미국에서 출발""…조연 같은 주연된 이재용 부회장",매일경제,2022.05.20 21:00
"이재용 ""삼성전자 반도체 혁신, 전 세계 모든 분들 덕분""",이데일리,2022.05.20 20:18
"尹대통령, 바이든과 평택 삼성 반도체 공장 방문 “경제안보 동맹 강화”",헤럴드경제,2022.05.20 20:05
"“128만원→59만원, 이게 실화냐” 삼성 한정판 ‘헐값’ 됐다",헤럴드경제,2022.05.20 19:52
"3나노 선점한 삼성…반도체 고객·장비 확보, 대형 M&A도 탄력",서울경제,2022.05.20 19:52
삼성부터 찾아간 바이든…반도체 패권 전쟁 속 韓·美 손 잡았다,한국경제,2022.05.20 19:32
"바이든, 웨이퍼에 방문 사인…삼성 3나노 반도체 뽐냈다",이데일리,2022.05.20 18:33
"바이든, 삼성 반도체 평택 캠퍼스 시찰…尹대통령과 첫 만남 ‘악수’[종...",헤럴드경제,2022.05.20 18:20
"이재용 ""삼성전자 반도체 혁신, 전 세계 모든 분들 덕분""",이데일리,2022.05.20 20:18
"[속보] 바이든, 삼성 평택 반도체 공장 도착",한국경제,2022.05.20 18:15
"백악관 ""바이든 삼성 방문…美 투자와 좋은 일자리로 이어져""",한국경제,2022.05.20 18:13
"'韓 도착' 바이든, 첫 일정 '삼성 공장' 방문",한국경제,2022.05.20 17:58
"[속보] 바이든, 한국 도착…첫 일정 '삼성' 공장으로 간다",한국경제,2022.05.20 17:27
"바이든, 한국 도착..삼성 평택공장 이동",파이낸셜뉴스,2022.05.20 17:41
"삼성전자, 6G 기술 선점 나선다",한경비즈니스,2022.05.20 17:32
"테스, 삼성전자서 242억원 규모 반도체 제조장비 수주",아시아경제,2022.05.20 16:39
"테스, 삼성전자서 242억 규모 반도체 제조장비 수주",이데일리,2022.05.20 16:23
"윤석열-바이든, 삼성 반도체공장서 '3나노 웨이퍼'에 서명",한국경제,2022.05.20 16:21
브라우저 업뎃·보안솔루션 공개…‘개인정보보호’ 강화나선 삼성,이데일리,2022.05.20 16:18
"삼성전자, 바이든 공장 방문 앞두고 6만8000원 회복",이데일리,2022.05.20 16:12
"제임스 김 암참 회장, 바이든 대통령과 삼성전자 평택공장 간다",이데일리,2022.05.20 16:09
"[속보] 바이든, 한국 도착…첫 일정 '삼성' 공장으로 간다",한국경제,2022.05.20 17:27
"테스, 삼성전자서 242억 규모 반도체 제조장비 수주",이데일리,2022.05.20 16:23
삼성 평택공장 '프라이빗 초대장' 보니…드레스코드는 '타이정장' [정지...,한국경제,2022.05.20 14:36
삼성·SK하이닉스 1분기 D램 점유율 70%…압도적 지위 유지,한국경제,2022.05.20 13:49
"[특징주]3S, 尹-바이든 삼성 3나노 웨이퍼 동맹… 국내 유일 웨이퍼...",아시아경제,2022.05.20 13:33
"[특징주]맥스트, 애플·삼성 등 글로벌기업 차세대 주력 제품군 AR기기...",파이낸셜뉴스,2022.05.20 13:21
삼성전자만 65%…높아지는 원재료 부담,헤럴드경제,2022.05.20 11:28
"""한국만 역주행""…삼성 '고졸신화' 양향자 의원의 탄식 [정지은의 산업...",한국경제,2022.05.20 10:38
[영상] “美대통령 최초 방문” 역사적 만남에 세계가 ‘삼성 평택’ 주...,헤럴드경제,2022.05.20 09:59
[투자노트] 조 바이든 대통령 삼성전자 평택공장 시찰...‘반도체’에...,조선비즈,2022.05.20 09:02
"삼성전자, 바이든 대통령 평택공장 방문 소식에 ↑",한국경제,2022.05.20 09:25
[1일IT템]삼성전자 '몬스터볼 갤버즈2 패키지' 한정 판매...13만...,파이낸셜뉴스,2022.05.20 08:48
"삼성, ‘갤럭시 버즈2 포켓몬 몬스터볼 커버 패키지’ 한정 판매",이데일리,2022.05.20 08:38
바이든 오늘 삼성 찾는다…이재용의 '3나노 반도체'에 반할까,이데일리,2022.05.20 08:03
[투자노트] 조 바이든 대통령 삼성전자 평택공장 시찰...‘반도체’에...,조선비즈,2022.05.20 09:02
"삼성, ‘갤럭시 버즈2 포켓몬 몬스터볼 커버 패키지’ 한정 판매",이데일리,2022.05.20 08:38
"""삼성 창사 이래 최대 이벤트""…尹·바이든 동시 방문에 '들썩'",한국경제,2022.05.19 21:02
바이든 삼성공장 오는데…재판 때문에 현장점검 못한 이재용,서울경제,2022.05.19 18:02
"이재용, 내일 재판 불출석…바이든과 삼성전자 평택공장 동행",한국경제,2022.05.19 17:30
D램 수요부진에도 삼성 점유율 더 늘어,파이낸셜뉴스,2022.05.19 17:59
"[사진] 삼성전자, 부산 파라다이스호텔서 ‘비스포크 펫 케어 가전’ 체...",서울경제,2022.05.19 17:35
"삼성 찾는 바이든 '칩4 동맹' 카드 꺼내나…재계 ""껄끄러운 문제""",이데일리,2022.05.19 17:18
(영상)바이든의 삼성 사랑...반도체주 반등 모멘텀될까,이데일리,2022.05.19 16:43
“尹정부 성공하려면 삼성·네이버·배민 인재교육 배워야”,이데일리,2022.05.19 17:17
"""한화진 같은 '女환경전문가' 어디 없나""…새 사외이사 급구 나선 삼성",이데일리,2022.05.19 16:39
"인플레 공포 '성큼'?…증권가 ""삼전·현대차 등 '대형수출주' 기회""",머니투데이,2022.05.19 16:24
“애플도 놀랐다?” 망한 줄 알았던 ‘삼성’ 이런일이…,헤럴드경제,2022.05.19 15:53
외국인이 삼성전자를 사기 시작했다…석달 만에 '사흘 연속 순매수',매일경제,2022.05.19 15:41
"이재용, 내일 재판 불출석…바이든과 삼성전자 평택공장 동행",한국경제,2022.05.19 17:30
(영상)바이든의 삼성 사랑...반도체주 반등 모멘텀될까,이데일리,2022.05.19 16:43
"바이든, 평택 공장 방문에...삼성전자, 당일 해당 캠퍼스 탄력 근무",머니투데이,2022.05.19 15:11
"삼성도 반한 이 회사의 첨단 기술…""애플도 한 수 아래""",한국경제,2022.05.19 15:01
'Z플립4' 기대에...삼성전자 '6만전자'에 갇혔지만 폴더블폰 부품주...,매경이코노미,2022.05.19 14:44
삼성전자는 6만원에 갇혀도…부품주는 Z플립4 기대에 '꿈틀',이데일리,2022.05.19 06:01
"新냉전에 삼성이 택한 그 사람, 평택서 바이든 수행한다",신동아,2022.05.19 13:36
"삼성, 파라다이스호텔에 ‘펫 케어’ 가전 전시",헤럴드경제,2022.05.19 11:22
"삼성전자, 부산 파라다이스 호텔에서 '비스포크 펫 케어 가전' 체험 ...",서울경제,2022.05.19 10:42
“반려동물과 깨끗하게 지내는 법?” 삼성·파라다이스호텔 협업,헤럴드경제,2022.05.19 09:34
인텔 “미국 중심으로” 삼성 “국가 상관없이”…바이든의 ‘반도체 지원’...,헤럴드경제,2022.05.19 10:28
"[특징주]삼성전자, 1%대 하락…6.7만원 초반서 공방",이데일리,2022.05.19 09:31
"삼성전자, 파라다이스호텔과 '비스포크 펫케어 가전' 체험행사 진행",이데일리,2022.05.19 09:06
"삼성전자 '비스포크 펫케어' 가전, 파라다이스 호텔서 체험한다",아시아경제,2022.05.19 08:57
"삼성전자, 파라다이스 호텔과 '비스포크 펫케어 가전' 체험전 진행",머니투데이,2022.05.19 08:54
"삼성전자, 파라디이스 호텔과 함께 '비스포크 펫 케어 가전' 체험 이...",매일경제,2022.05.19 08:40
"바이든 삼성전자 가는 날, 이재용은 재판정 선다..평택 같이 갈 수 있...",파이낸셜뉴스,2022.05.19 08:30
삼성·SK가 생각하는 차세대 반도체 개발 방향은…'소재·기술 선점',이데일리,2022.05.19 08:15
삼성전자는 6만원에 갇혀도…부품주는 Z플립4 기대에 '꿈틀',이데일리,2022.05.19 06:01
"삼성전자, 부산 파라다이스 호텔에서 '비스포크 펫 케어 가전' 체험 ...",서울경제,2022.05.19 10:42
“반려동물과 깨끗하게 지내는 법?” 삼성·파라다이스호텔 협업,헤럴드경제,2022.05.19 09:34
"삼성전자 '비스포크 펫케어' 가전, 파라다이스 호텔서 체험한다",아시아경제,2022.05.19 08:57
"삼성전자, 파라다이스 호텔과 '비스포크 펫케어 가전' 체험전 진행",머니투데이,2022.05.19 08:54
"삼성전자, 파라디이스 호텔과 함께 '비스포크 펫 케어 가전' 체험 이...",매일경제,2022.05.19 08:40
"대우조선, ‘대금 미지급’ 러 계약 해지…현대·삼성重도 피해 우려[뒷북...",서울경제,2022.05.19 07:05
"리퍼트 전 주한 미국대사, 바이든 삼성전자 평택공장 방문 수행",조선비즈,2022.05.18 20:42
박병국 삼성전자 사외이사 별세,파이낸셜뉴스,2022.05.18 18:17
박병국 삼성전자 사외이사 별세,아시아경제,2022.05.18 15:22
박병국 삼성전자 사외이사 별세,파이낸셜뉴스,2022.05.18 13:56
"코스피 순이익, 삼성전자 빼면 26% 급감했다 [상장사 1분기 실적]",파이낸셜뉴스,2022.05.18 18:15
코스피 상장사 1분기 영업이익 14%↑…삼성전자 빼면 4%,헤럴드경제,2022.05.18 12:04
"[상장사 1분기 실적]코스피, 삼성전자 제외시 순이익 26% 감소",파이낸셜뉴스,2022.05.18 12:01
‘코로나 격리’ 끝내는 SK·LG… 삼성은 ‘속도 조절’,파이낸셜뉴스,2022.05.18 18:07
외국인 덕에 삼성전자 이틀째 상승,파이낸셜뉴스,2022.05.18 18:04
"삼성전자, 이틀째 상승 6만8000원 회복...외인 1132억 매수",파이낸셜뉴스,2022.05.18 15:57
"큰손 돌아온 SK하이닉스·삼성전자, 다시 상승세",매일경제,2022.05.18 17:45
"대우조선, 대금 미지급에 러 계약 해지…현대·삼성重도 번지나",서울경제,2022.05.18 17:28
한미 반도체 주식에 부는 훈풍…삼성전자 저점 다졌나?,매경이코노미,2022.05.18 16:17
구글 스마트워치에 삼성 AP 탑재 확실시…웨어러블 시장 점유율 확대,이데일리,2022.05.18 15:55
박병국 삼성전자 사외이사 별세,아시아경제,2022.05.18 15:22
박병국 삼성전자 사외이사 별세,파이낸셜뉴스,2022.05.18 13:56
코스피 상장사 1분기 영업이익 14%↑…삼성전자 빼면 4%,헤럴드경제,2022.05.18 12:04
"[상장사 1분기 실적]코스피, 삼성전자 제외시 순이익 26% 감소",파이낸셜뉴스,2022.05.18 12:01
"삼성전자, 이틀째 상승 6만8000원 회복...외인 1132억 매수",파이낸셜뉴스,2022.05.18 15:57
“5G 경쟁력에 날았다”…日서 우뚝 선 삼성폰,이데일리,2022.05.18 15:42
이재용이 낙점한 '로봇 사업' 판 커진다…삼성·LG·현대차 출사표(종합...,아시아경제,2022.05.18 15:19
"[단독]삼성전자, 로봇사업팀 인력 연말까지 2배 더 늘린다",아시아경제,2022.05.18 10:38
로봇이 서빙하고 잔디깎고 배송하고…삼성·LG·현대차 로봇사업 확대중,아시아경제,2022.05.18 10:16
"삼성, 'VVIP' 바이든 맞이 한창…이재용 직접 안내 리허설",한국경제,2022.05.18 14:41
삼전 반도체 공장 찍고 尹 만나는 바이든…이대로 '7만전자' 회복?,머니투데이,2022.05.18 11:38
바이든 방한 첫 일정은 삼성전자…글로벌 반도체 전쟁의 단면,머니투데이,2022.05.18 05:12
"삼성전자, 돌아온 外人…9거래일만에 순매수 전환",아시아경제,2022.05.18 11:48
"바이든 방한 첫 일정, 삼성전자 평택 반도체 공장 방문",이코노미스트,2022.05.18 11:47
이재용 ‘6G 리더십’에 인재도 귀환…떠났던 통신전문가 삼성 품으로,헤럴드경제,2022.05.18 11:32
이재용 6G 리더십에 인재도 유턴…인텔·퀄컴 갔던 통신 전문가 삼성 ...,헤럴드경제,2022.05.18 07:13
삼성 '더 프리미어'로 즐기는 워커힐 호텔 시네마,머니투데이,2022.05.18 11:27
"삼성전자, 워커힐과 '더 프리미어' 체험객실 패키지 출시",이데일리,2022.05.18 11:01
"[특징주]싸이맥스, 이재용 로봇사업 인력 2배 증원..삼성 AI형 로봇...",파이낸셜뉴스,2022.05.18 11:24
워커힐 호텔에서 삼성 초대형 빔 프로젝트로 영화 즐긴다,헤럴드경제,2022.05.18 11:02
워커힐 호텔 객실에 ‘삼성전자 빔 프로젝터’,서울경제,2022.05.18 11:01
"삼성전자 빔 프로젝터 '더 프리미어', 워커힐 호텔서 체험한다",아시아경제,2022.05.18 11:00
"[마켓인]우정사업본부, 국내주식 사회책임형 위탁사에 신한·삼성액티브 등...",이데일리,2022.05.18 10:49
"[단독]삼성전자, 로봇사업팀 인력 연말까지 2배 더 늘린다",아시아경제,2022.05.18 10:38
로봇이 서빙하고 잔디깎고 배송하고…삼성·LG·현대차 로봇사업 확대중,아시아경제,2022.05.18 10:16
삼전 반도체 공장 찍고 尹 만나는 바이든…이대로 '7만전자' 회복?,머니투데이,2022.05.18 11:38
바이든 방한 첫 일정은 삼성전자…글로벌 반도체 전쟁의 단면,머니투데이,2022.05.18 05:12
이재용 6G 리더십에 인재도 유턴…인텔·퀄컴 갔던 통신 전문가 삼성 ...,헤럴드경제,2022.05.18 07:13
"삼성전자, 워커힐과 '더 프리미어' 체험객실 패키지 출시",이데일리,2022.05.18 11:01
워커힐 호텔 객실에 ‘삼성전자 빔 프로젝터’,서울경제,2022.05.18 11:01
"삼성전자 빔 프로젝터 '더 프리미어', 워커힐 호텔서 체험한다",아시아경제,2022.05.18 11:00
"[특징주]이스트소프트, 삼성·LG그룹 14조 가상인간 버추얼 휴먼 AI...",파이낸셜뉴스,2022.05.18 10:43
"삼성전자 ""악성 앱 차단""...상반기 새 보안 솔루션 내놓는다",파이낸셜뉴스,2022.05.18 10:24
"[특징주] 마인즈랩, 삼성-LG그룹 14조원 전망 ‘가상인간’ 새 먹거...",파이낸셜뉴스,2022.05.18 10:15
"[특징주]셀바스AI, 가상인간 탐내는 삼성…독보적 기술력 공급 부각",아시아경제,2022.05.18 10:09
"""보이스피싱 악성앱, 원천 차단""…삼성 갤럭시 보안솔루션 적용",머니투데이,2022.05.18 10:00
"삼성전자, 갤럭시 악성 앱 설치 차단 나선다",서울경제,2022.05.18 09:27
"삼성전자, 국내 500대 기업 경영평가 최우수기업…3년 연속 1위",이데일리,2022.05.18 09:50
"""500개 기업 중 단연 1위"" 삼성전자, 3년째 경영 가장 잘한 기...",매일경제,2022.05.18 09:24
"""7만전자 가나""…美반도체지수 따라 삼성전자·SK하이닉스도 강세",한국경제,2022.05.18 09:44
"삼성전자·SK하이닉스, 1%대 상승...美 반도체주 강세에 동반 상승",머니투데이,2022.05.18 09:27
"코스피, 美 증시 훈풍에 소폭 상승…삼성전자 등 시총상위株 모두 올라",한국경제,2022.05.18 09:36
"코스피 상승 출발, 삼성전자·SK하이닉스 소폭 올라 [개장시황]",이코노미스트,2022.05.18 09:36
[특징주] 美 반도체 반등에 삼성전자·SK하이닉스 ↑,서울경제,2022.05.18 09:21
[특징주]삼성전자·SK하이닉스 강세…미국 반도체주 급등,이데일리,2022.05.18 09:15
"삼성전자, 갤럭시 악성 앱 설치 차단 나선다",서울경제,2022.05.18 09:27
"""500개 기업 중 단연 1위"" 삼성전자, 3년째 경영 가장 잘한 기...",매일경제,2022.05.18 09:24
"삼성전자·SK하이닉스, 1%대 상승...美 반도체주 강세에 동반 상승",머니투데이,2022.05.18 09:27
[특징주]삼성전자·SK하이닉스 강세…미국 반도체주 급등,이데일리,2022.05.18 09:15
"[속보] 삼성전자, 장중 6만8000원 돌파",파이낸셜뉴스,2022.05.18 09:03
"""방방마다 똑똑하게""…삼성·LG 창문형 에어컨 전쟁 격화",이데일리,2022.05.18 08:04
"네온값 10배 급등에…삼성, SK 투자 계획 앞당긴다[뒷북비즈]",서울경제,2022.05.18 06:31
"삼성전자, 반도체 인력 45개월만에 최대폭으로 감소[뒷북비즈]",서울경제,2022.05.18 06:31
"테슬라·삼성전자·비트코인, 똑같이 투자해도 소수만 돈 버는 이유?",머니투데이,2022.05.18 06:00
"삼성전자, 비스포크 로봇청소기·식기세척기…삶을 더 편리하게",매일경제,2022.05.18 04:02
"삼성 준법위, 다음 달 삼성전자 등 7개 관계사 최고경영진 만난다",조선비즈,2022.05.17 20:10
"삼성준법위 ""내달 초 계열사 사장단과 준법경영 논의""",파이낸셜뉴스,2022.05.17 19:33
"진용 갖춘 삼성준법위, 내달 계열사 CEO 만난다",한국경제,2022.05.17 19:27
통째로 빼돌렸다…中 넘어간 삼성반도체 핵심기술 뭐길래,한국경제,2022.05.17 19:02
삼성 반도체 핵심기술 중국에 유출…800억 챙긴 일당 '덜미',한국경제,2022.05.17 09:20
"'한국산의 무덤' 일본서 통했다…삼성폰, 10년 만에 2위 등극",한국경제,2022.05.17 18:30
"[단독] 씨마른 반도체 인재…삼성, 직원이 줄었다",서울경제,2022.05.17 18:13
"삼성준법위 ""내달 초 계열사 사장단과 준법경영 논의""",파이낸셜뉴스,2022.05.17 19:33
"진용 갖춘 삼성준법위, 내달 계열사 CEO 만난다",한국경제,2022.05.17 19:27
삼성 반도체 핵심기술 중국에 유출…800억 챙긴 일당 '덜미',한국경제,2022.05.17 09:20
